USE bd_animalandia;

SET FOREIGN_KEY_CHECKS=0;

insert into users (user_id, firstName, lastName, email, u_password, phone, streetName, postalCode, country, picture) values (1, 'Antonietta', 'McGrae', 'emcgrae0@cpanel.net', 'GLMlS2', '2311877442', 'Columbus', '91716', 'Veracruz Llave', 'Elvin');
insert into users (user_id, firstName, lastName, email, u_password, phone, streetName, postalCode, country, picture) values (2, 'Mollie', 'Salatino', 'dsalatino1@tamu.edu', 'q60AvSAC', '1617161746', 'Kenwood', '49274', 'Jalisco', 'Doroteya');
insert into users (user_id, firstName, lastName, email, u_password, phone, streetName, postalCode, country, picture) values (3, 'Amanda', 'Calbaithe', 'acalbaithe2@walmart.com', 't2yN5bwQ5OZR', '1542259831', 'Northland', '86350', 'Tabasco', 'Anabelle');
insert into users (user_id, firstName, lastName, email, u_password, phone, streetName, postalCode, country, picture) values (4, 'Gradey', 'Fawthorpe', 'efawthorpe3@pcworld.com', 'NToZkT5Z', '4328126473', 'Independence', '48040', 'Jalisco', 'Elias');
insert into users (user_id, firstName, lastName, email, u_password, phone, streetName, postalCode, country, picture) values (5, 'Ardyth', 'Ygoe', 'sygoe4@tamu.edu', 'G7wdCh3MjuM', '2173224961', 'Forest Run', '35364', 'Durango', 'Sheelah');
insert into users (user_id, firstName, lastName, email, u_password, phone, streetName, postalCode, country, picture) values (6, 'Janey', 'Delahunty', 'hdelahunty5@wufoo.com', '6jan5XfJYZxc', '8802834166', 'Birchwood', '30890', 'Chiapas', 'Halsey');
insert into users (user_id, firstName, lastName, email, u_password, phone, streetName, postalCode, country, picture) values (7, 'Rubetta', 'Askham', 'laskham6@google.com.hk', 'JdYJdPqemhq', '9853846052', 'Dorton', '26095', 'Coahuila De Zaragoza', 'Linnell');
insert into users (user_id, firstName, lastName, email, u_password, phone, streetName, postalCode, country, picture) values (8, 'Diane', 'Thoresbie', 'sthoresbie7@a8.net', '5RYnCfSH', '6256448761', 'Mayfield', '91560', 'Veracruz Llave', 'Simon');
insert into users (user_id, firstName, lastName, email, u_password, phone, streetName, postalCode, country, picture) values (9, 'Cherianne', 'Eversley', 'beversley8@irs.gov', '1mLIHxh7Nf', '7898414495', 'Dunning', '47070', 'Jalisco', 'Babara');
insert into users (user_id, firstName, lastName, email, u_password, phone, streetName, postalCode, country, picture) values (10, 'Orsola', 'Barlie', 'nbarlie9@constantcontact.com', 'U9fj5B', '7984646621', 'Sherman', '91275', 'Veracruz Llave', 'Nataline');
insert into users (user_id, firstName, lastName, email, u_password, phone, streetName, postalCode, country, picture) values (11, 'Chaddie', 'Rizon', 'drizona@woothemes.com', 'Cu4Un7U6', '7674682436', 'Hagan', '60433', 'Michoacan De Ocampo', 'Dara');
insert into users (user_id, firstName, lastName, email, u_password, phone, streetName, postalCode, country, picture) values (12, 'Fons', 'Cutridge', 'acutridgeb@tuttocitta.it', 'sQrJ7cAKE52K', '5366077906', 'Manufacturers', '97714', 'Yucatan', 'Annabella');
insert into users (user_id, firstName, lastName, email, u_password, phone, streetName, postalCode, country, picture) values (13, 'Opal', 'Fridd', 'sfriddc@moonfruit.com', 'fuM2FMQitpd1', '7425868005', 'Eggendart', '92773', 'Veracruz Llave', 'Sisile');
insert into users (user_id, firstName, lastName, email, u_password, phone, streetName, postalCode, country, picture) values (14, 'Roosevelt', 'Faldo', 'sfaldod@list-manage.com', 'WTu7k26No', '1673387976', 'Redwing', '29950', 'Chiapas', 'Silas');
insert into users (user_id, firstName, lastName, email, u_password, phone, streetName, postalCode, country, picture) values (15, 'Austine', 'Ullyott', 'pullyotte@acquirethisname.com', 'fJ86V30e6', '7756115097', 'Elka', '29223', 'Chiapas', 'Paola');
insert into users (user_id, firstName, lastName, email, u_password, phone, streetName, postalCode, country, picture) values (16, 'Devora', 'McGucken', 'tmcguckenf@skype.com', 'YqIaKjp', '8805226075', 'Larry', '30840', 'Chiapas', 'Temp');
insert into users (user_id, firstName, lastName, email, u_password, phone, streetName, postalCode, country, picture) values (17, 'Johann', 'Brittin', 'vbritting@phoca.cz', 'iZ4zCOZDsSYa', '8624424613', 'Monica', '33856', 'Chihuahua', 'Verla');
insert into users (user_id, firstName, lastName, email, u_password, phone, streetName, postalCode, country, picture) values (18, 'Allene', 'Bresnahan', 'bbresnahanh@1688.com', 'm5cTRj7EpFS', '5905858768', 'Chinook', '94970', 'Veracruz Llave', 'Berthe');
insert into users (user_id, firstName, lastName, email, u_password, phone, streetName, postalCode, country, picture) values (19, 'Merrielle', 'Josupeit', 'ljosupeiti@cbc.ca', 'ScXHAV9K3d', '5128194606', 'Emmet', '94723', 'Veracruz Llave', 'Lynnelle');
insert into users (user_id, firstName, lastName, email, u_password, phone, streetName, postalCode, country, picture) values (20, 'Florence', 'Tuhy', 'ntuhyj@linkedin.com', 'UkjusKiHhW', '4823769788', 'Saint Paul', '36441', 'Guanajuato', 'Nisse');
insert into users (user_id, firstName, lastName, email, u_password, phone, streetName, postalCode, country, picture) values (21, 'Kristal', 'Page', 'vpagek@spiegel.de', 'SgxUmAwd9jsd', '7253993632', 'Anzinger', '58880', 'Michoacan De Ocampo', 'Vite');
insert into users (user_id, firstName, lastName, email, u_password, phone, streetName, postalCode, country, picture) values (22, 'Atlante', 'Davidovits', 'cdavidovitsl@liveinternet.ru', '4rF0Z7H2i', '2614577254', 'Ryan', '38477', 'Guanajuato', 'Christoph');
insert into users (user_id, firstName, lastName, email, u_password, phone, streetName, postalCode, country, picture) values (23, 'Gilberto', 'Parham', 'dparhamm@about.com', 'lBGhJfz', '2919586320', 'Havey', '94590', 'Veracruz Llave', 'Dacey');
insert into users (user_id, firstName, lastName, email, u_password, phone, streetName, postalCode, country, picture) values (24, 'Aimee', 'Calven', 'mcalvenn@nature.com', 'm50pRgWvSE', '2591055785', 'Arapahoe', '48203', 'Jalisco', 'Mollie');
insert into users (user_id, firstName, lastName, email, u_password, phone, streetName, postalCode, country, picture) values (25, 'Bernadine', 'Stoneley', 'astoneleyo@furl.net', 'Bt6z7Gk', '6874419888', 'Gerald', '45147', 'Jalisco', 'Aaron');
insert into users (user_id, firstName, lastName, email, u_password, phone, streetName, postalCode, country, picture) values (26, 'Selina', 'Tillyer', 'atillyerp@ucla.edu', '8woxyJcFxySD', '5657548414', 'Bluejay', '51462', 'Mexico', 'Aurelea');
insert into users (user_id, firstName, lastName, email, u_password, phone, streetName, postalCode, country, picture) values (27, 'Tad', 'Frowen', 'vfrowenq@twitpic.com', 'SLsBazUKebXK', '8881920139', 'School', '29950', 'Chiapas', 'Vernon');
insert into users (user_id, firstName, lastName, email, u_password, phone, streetName, postalCode, country, picture) values (28, 'Herrick', 'Battram', 'hbattramr@redcross.org', 'GIE6W6', '6531347377', 'Summer Ridge', '40054', 'Guerrero', 'Hailee');
insert into users (user_id, firstName, lastName, email, u_password, phone, streetName, postalCode, country, picture) values (29, 'Jillene', 'Kerner', 'bkerners@newyorker.com', 'dTeJ5kd', '1312121393', 'Esker', '63455', 'Nayarit', 'Bettye');
insert into users (user_id, firstName, lastName, email, u_password, phone, streetName, postalCode, country, picture) values (30, 'Kendre', 'Corstan', 'rcorstant@behance.net', '3OZ1jc44', '8977998755', 'Scoville', '40068', 'Guerrero', 'Roobbie');

insert into animals (animal_id, animal_name) values (1, 'Perros');
insert into animals (animal_id, animal_name) values (2, 'Gatos');
insert into animals (animal_id, animal_name) values (3, 'Roedores');
insert into animals (animal_id, animal_name) values (4, 'Aves');
insert into animals (animal_id, animal_name) values (5, 'Peces');
insert into animals (animal_id, animal_name) values (6, 'Reptiles');

insert into categories (category_id, category_name) values (1, 'Alimento');
insert into categories (category_id, category_name) values (2, 'Accesorios');
insert into categories (category_id, category_name) values (3, 'Vivienda');

insert into products (product_id, animal_id, category_id, image_p, p_name, p_description, caracteristic, specs, price) values (1, 6, 2, 'SemDuis.ppt', 'Grenadine', 'pellentesque quisque porta volutpat erat quisque erat eros viverra eget congue eget semper', 'elementum pellentesque quisque porta volutpat erat quisque erat eros viverra eget congue eget semper rutrum nulla nunc purus phasellus in felis donec semper', 'interdum in ante vestibulum ante ipsum primis in faucibus orci luctus et ultrices posuere cubilia curae duis faucibus accumsan odio curabitur convallis duis consequat dui nec nisi volutpat eleifend donec ut dolor morbi vel lectus in quam fringilla rhoncus mauris enim leo rhoncus sed vestibulum sit amet cursus id turpis integer aliquet massa id lobortis convallis tortor risus dapibus augue vel accumsan tellus nisi eu orci mauris lacinia sapien quis libero nullam sit amet turpis', 794);
insert into products (product_id, animal_id, category_id, image_p, p_name, p_description, caracteristic, specs, price) values (2, 5, 2, 'LectusIn.mp3', 'Pepper - Cayenne', 'rhoncus dui vel sem sed sagittis nam congue risus semper porta volutpat quam pede lobortis ligula sit amet eleifend', 'vulputate justo in blandit ultrices enim lorem ipsum dolor sit amet consectetuer adipiscing elit proin interdum mauris non ligula pellentesque ultrices phasellus id sapien in sapien iaculis congue vivamus metus arcu adipiscing molestie hendrerit at vulputate vitae nisl aenean lectus pellentesque eget nunc donec quis orci eget orci vehicula condimentum curabitur in libero ut massa volutpat convallis morbi odio', 'posuere cubilia curae duis faucibus accumsan odio curabitur convallis duis consequat dui nec nisi volutpat eleifend donec ut dolor morbi vel lectus in quam fringilla rhoncus mauris enim leo rhoncus sed vestibulum sit amet cursus id turpis integer aliquet massa id lobortis convallis tortor risus dapibus augue vel accumsan tellus nisi eu orci mauris lacinia sapien quis libero nullam', 1050);
insert into products (product_id, animal_id, category_id, image_p, p_name, p_description, caracteristic, specs, price) values (3, 2, 3, 'DisParturientMontes.gif', 'Filling - Mince Meat', 'semper rutrum nulla nunc purus phasellus in felis donec semper sapien a libero nam', 'libero convallis eget eleifend luctus ultricies eu nibh quisque id justo sit amet sapien dignissim vestibulum vestibulum ante ipsum primis in faucibus orci luctus et ultrices posuere cubilia curae nulla dapibus dolor vel est donec odio justo sollicitudin ut suscipit a feugiat et eros vestibulum ac est lacinia nisi venenatis tristique fusce congue diam id ornare imperdiet sapien urna pretium nisl ut volutpat sapien arcu sed augue aliquam erat volutpat in congue etiam justo etiam pretium iaculis justo in hac habitasse platea dictumst etiam faucibus cursus urna ut tellus nulla ut erat id mauris vulputate elementum nullam varius nulla facilisi', 'lobortis convallis tortor risus dapibus augue vel accumsan tellus nisi eu orci mauris lacinia sapien quis libero nullam sit amet turpis elementum ligula vehicula consequat', 2952);
insert into products (product_id, animal_id, category_id, image_p, p_name, p_description, caracteristic, specs, price) values (4, 1, 2, 'ProinRisus.ppt', 'Wine - Black Tower Qr', 'donec pharetra magna vestibulum aliquet ultrices erat tortor sollicitudin mi sit amet lobortis sapien sapien non mi integer', 'quam fringilla rhoncus mauris enim leo rhoncus sed vestibulum sit amet cursus id turpis integer aliquet massa id lobortis convallis tortor risus dapibus augue vel accumsan tellus nisi eu orci mauris lacinia sapien quis libero nullam sit amet turpis elementum ligula', 'id turpis integer aliquet massa id lobortis convallis tortor risus dapibus augue vel accumsan tellus nisi eu orci mauris lacinia sapien quis libero nullam sit amet turpis elementum ligula', 638);
insert into products (product_id, animal_id, category_id, image_p, p_name, p_description, caracteristic, specs, price) values (5, 5, 2, 'IdNislVenenatis.xls', 'Cheese - Cheddar, Old White', 'lacus at turpis donec posuere metus vitae ipsum aliquam non mauris morbi non lectus aliquam sit amet', 'vivamus vel nulla eget eros elementum pellentesque quisque porta volutpat erat quisque erat eros viverra eget congue eget semper rutrum nulla nunc purus phasellus in felis donec semper sapien a libero nam dui proin leo odio porttitor id consequat in consequat ut nulla sed accumsan felis ut at dolor quis odio consequat varius integer ac', 'sed interdum venenatis turpis enim blandit mi in porttitor pede justo eu massa donec dapibus duis at velit eu est', 2479);
insert into products (product_id, animal_id, category_id, image_p, p_name, p_description, caracteristic, specs, price) values (6, 6, 3, 'Nisl.jpeg', 'Cheese - Cambozola', 'natoque penatibus et magnis dis parturient montes nascetur ridiculus mus', 'neque vestibulum eget vulputate ut ultrices vel augue vestibulum ante ipsum primis in faucibus orci luctus et ultrices posuere cubilia curae donec pharetra magna vestibulum aliquet ultrices erat tortor sollicitudin mi sit amet lobortis sapien sapien non mi integer ac neque duis bibendum morbi non quam nec dui luctus rutrum nulla tellus in sagittis dui vel nisl duis ac nibh fusce lacus purus aliquet at feugiat non pretium quis lectus suspendisse potenti in eleifend quam a odio in hac habitasse platea dictumst maecenas ut massa quis augue luctus tincidunt nulla', 'augue a suscipit nulla elit ac nulla sed vel enim sit amet nunc viverra dapibus nulla suscipit ligula in lacus curabitur at ipsum ac tellus semper interdum mauris ullamcorper purus', 829);
insert into products (product_id, animal_id, category_id, image_p, p_name, p_description, caracteristic, specs, price) values (7, 5, 1, 'IpsumInteger.jpeg', 'Bread - Italian Corn Meal Poly', 'ullamcorper purus sit amet nulla quisque arcu libero rutrum ac lobortis vel dapibus at', 'porttitor lacus at turpis donec posuere metus vitae ipsum aliquam non mauris morbi non lectus aliquam sit amet diam in magna bibendum imperdiet nullam orci', 'lorem vitae mattis nibh ligula nec sem duis aliquam convallis nunc proin at turpis a pede posuere nonummy integer non velit donec diam neque vestibulum eget vulputate ut ultrices vel augue vestibulum ante ipsum primis in faucibus orci luctus et ultrices posuere cubilia curae donec pharetra magna vestibulum aliquet ultrices erat tortor sollicitudin mi sit amet lobortis sapien sapien non mi integer ac neque duis bibendum morbi non quam nec dui luctus rutrum nulla tellus in sagittis dui vel nisl duis ac nibh fusce lacus purus aliquet at feugiat non pretium quis lectus suspendisse potenti in eleifend quam a', 1418);
insert into products (product_id, animal_id, category_id, image_p, p_name, p_description, caracteristic, specs, price) values (8, 4, 3, 'VenenatisLacinia.tiff', 'Cinnamon - Stick', 'sed justo pellentesque viverra pede ac diam cras pellentesque volutpat dui maecenas tristique est et tempus', 'platea dictumst aliquam augue quam sollicitudin vitae consectetuer eget rutrum at lorem integer tincidunt ante vel ipsum praesent blandit lacinia erat vestibulum sed magna at nunc commodo placerat praesent blandit nam nulla integer pede justo lacinia eget tincidunt eget tempus vel pede morbi porttitor lorem id ligula suspendisse ornare consequat lectus in est risus auctor sed tristique in tempus sit amet sem fusce consequat nulla nisl nunc nisl duis bibendum felis sed interdum venenatis turpis enim blandit mi in porttitor pede justo eu massa donec dapibus duis at velit eu est congue elementum in hac', 'convallis duis consequat dui nec nisi volutpat eleifend donec ut dolor morbi vel lectus in quam fringilla rhoncus mauris enim leo rhoncus sed vestibulum sit amet cursus id turpis integer aliquet massa id lobortis convallis tortor risus dapibus augue vel accumsan tellus nisi eu orci mauris lacinia sapien quis libero nullam sit amet turpis elementum ligula', 1329);
insert into products (product_id, animal_id, category_id, image_p, p_name, p_description, caracteristic, specs, price) values (9, 3, 2, 'TurpisAPede.mpeg', 'Lettuce - Frisee', 'in faucibus orci luctus et ultrices posuere cubilia curae donec pharetra magna vestibulum aliquet', 'eu sapien cursus vestibulum proin eu mi nulla ac enim in tempor turpis nec euismod scelerisque quam turpis adipiscing lorem vitae mattis nibh ligula nec sem duis aliquam convallis nunc proin at turpis a pede posuere nonummy integer', 'rhoncus aliquet pulvinar sed nisl nunc rhoncus dui vel sem sed sagittis nam congue risus semper porta volutpat quam pede lobortis ligula sit amet eleifend pede libero quis orci nullam molestie nibh in lectus pellentesque at nulla suspendisse potenti cras in purus eu magna vulputate luctus cum sociis natoque penatibus et magnis dis parturient montes nascetur ridiculus mus vivamus vestibulum sagittis sapien cum sociis natoque penatibus et magnis dis parturient montes nascetur ridiculus mus etiam vel augue vestibulum rutrum rutrum neque aenean auctor gravida sem praesent id', 2755);
insert into products (product_id, animal_id, category_id, image_p, p_name, p_description, caracteristic, specs, price) values (10, 2, 1, 'Et.jpeg', 'Garbag Bags - Black', 'molestie lorem quisque ut erat curabitur gravida nisi at nibh in hac habitasse platea', 'blandit mi in porttitor pede justo eu massa donec dapibus duis at velit eu est congue elementum in hac habitasse platea dictumst morbi vestibulum velit', 'mauris viverra diam vitae quam suspendisse potenti nullam porttitor lacus at turpis donec posuere metus vitae ipsum aliquam non mauris morbi non lectus aliquam sit amet', 2497);
insert into products (product_id, animal_id, category_id, image_p, p_name, p_description, caracteristic, specs, price) values (11, 5, 2, 'EstRisus.avi', 'Bread - Pumpernickle, Rounds', 'scelerisque mauris sit amet eros suspendisse accumsan tortor quis turpis sed ante vivamus', 'aliquam lacus morbi quis tortor id nulla ultrices aliquet maecenas leo odio condimentum id luctus nec molestie sed justo pellentesque viverra pede ac diam cras pellentesque volutpat dui maecenas tristique est et tempus semper est quam pharetra magna ac consequat metus sapien ut nunc vestibulum ante ipsum primis in faucibus orci luctus', 'leo rhoncus sed vestibulum sit amet cursus id turpis integer aliquet massa id lobortis convallis tortor risus dapibus augue vel accumsan tellus nisi eu orci mauris lacinia sapien quis libero nullam sit amet turpis elementum ligula vehicula consequat morbi a ipsum integer a nibh in quis justo maecenas rhoncus aliquam lacus morbi quis tortor id nulla ultrices aliquet maecenas leo odio condimentum id luctus nec', 967);
insert into products (product_id, animal_id, category_id, image_p, p_name, p_description, caracteristic, specs, price) values (12, 5, 2, 'AtNunc.mp3', 'Juice - Orange 1.89l', 'congue vivamus metus arcu adipiscing molestie hendrerit at vulputate vitae nisl aenean', 'porttitor lacus at turpis donec posuere metus vitae ipsum aliquam non mauris morbi non lectus aliquam sit amet diam in magna bibendum imperdiet nullam orci pede venenatis non sodales sed tincidunt eu felis fusce posuere felis sed lacus morbi sem mauris laoreet ut rhoncus aliquet pulvinar sed nisl nunc rhoncus dui vel sem sed sagittis nam congue risus semper porta volutpat quam pede lobortis ligula sit amet eleifend pede libero quis orci nullam molestie nibh in lectus pellentesque at nulla suspendisse potenti cras in purus eu', 'mauris vulputate elementum nullam varius nulla facilisi cras non velit nec nisi vulputate nonummy maecenas tincidunt lacus at velit vivamus vel nulla eget eros elementum pellentesque quisque porta volutpat erat quisque erat eros viverra eget congue eget semper rutrum nulla nunc purus phasellus in felis donec semper sapien a libero nam dui proin', 2422);
insert into products (product_id, animal_id, category_id, image_p, p_name, p_description, caracteristic, specs, price) values (13, 2, 2, 'DuisBibendumFelis.ppt', 'Pork - Ground', 'lectus in est risus auctor sed tristique in tempus sit amet sem fusce consequat nulla nisl nunc nisl duis bibendum', 'ut volutpat sapien arcu sed augue aliquam erat volutpat in congue etiam justo etiam pretium iaculis justo in hac habitasse platea dictumst etiam faucibus cursus urna ut tellus nulla ut erat id mauris vulputate elementum nullam varius nulla facilisi cras non velit nec nisi vulputate nonummy maecenas tincidunt lacus at velit vivamus vel nulla eget eros elementum pellentesque quisque porta volutpat erat quisque erat eros viverra eget congue eget semper rutrum nulla nunc purus phasellus in felis donec semper sapien a libero nam dui proin leo odio porttitor', 'sapien placerat ante nulla justo aliquam quis turpis eget elit sodales scelerisque', 844);
insert into products (product_id, animal_id, category_id, image_p, p_name, p_description, caracteristic, specs, price) values (14, 4, 1, 'NatoquePenatibusEt.png', 'Napkin - Beverge, White 2 - Ply', 'id lobortis convallis tortor risus dapibus augue vel accumsan tellus', 'imperdiet et commodo vulputate justo in blandit ultrices enim lorem ipsum dolor sit amet consectetuer adipiscing elit proin interdum mauris non ligula pellentesque ultrices phasellus id sapien in sapien iaculis congue vivamus metus', 'quis turpis sed ante vivamus tortor duis mattis egestas metus aenean fermentum donec ut mauris eget massa tempor convallis nulla neque libero convallis eget eleifend luctus ultricies eu nibh quisque id justo sit amet sapien dignissim vestibulum vestibulum ante ipsum primis in faucibus orci luctus et ultrices posuere cubilia curae nulla dapibus dolor vel est donec odio justo sollicitudin ut suscipit', 2628);
insert into products (product_id, animal_id, category_id, image_p, p_name, p_description, caracteristic, specs, price) values (15, 2, 3, 'PorttitorLacus.tiff', 'Kirsch - Schloss', 'libero nam dui proin leo odio porttitor id consequat in consequat ut nulla sed accumsan felis ut at', 'vestibulum aliquet ultrices erat tortor sollicitudin mi sit amet lobortis sapien sapien non', 'sem fusce consequat nulla nisl nunc nisl duis bibendum felis sed interdum venenatis turpis enim blandit mi in porttitor pede justo eu massa donec dapibus duis at velit eu est congue elementum in hac habitasse platea dictumst morbi vestibulum velit id pretium iaculis diam erat fermentum justo nec condimentum neque sapien placerat ante nulla justo aliquam quis turpis eget elit sodales scelerisque mauris sit amet eros suspendisse accumsan tortor quis turpis sed ante vivamus tortor duis mattis egestas metus aenean fermentum donec ut mauris eget massa tempor convallis nulla neque libero convallis', 713);
insert into products (product_id, animal_id, category_id, image_p, p_name, p_description, caracteristic, specs, price) values (16, 5, 1, 'EuismodScelerisque.mp3', 'Calypso - Black Cherry Lemonade', 'pede ac diam cras pellentesque volutpat dui maecenas tristique est et tempus semper est quam', 'rutrum nulla nunc purus phasellus in felis donec semper sapien a libero nam dui proin leo odio porttitor id consequat in consequat ut nulla sed accumsan felis ut at dolor quis odio consequat varius integer ac leo pellentesque ultrices mattis odio donec', 'congue risus semper porta volutpat quam pede lobortis ligula sit amet eleifend pede libero quis orci nullam molestie nibh in lectus pellentesque at nulla suspendisse potenti cras in purus eu magna vulputate luctus cum sociis natoque penatibus et magnis dis parturient montes nascetur ridiculus mus vivamus vestibulum sagittis sapien cum sociis natoque penatibus et magnis dis parturient montes nascetur ridiculus mus etiam vel augue vestibulum rutrum rutrum neque aenean auctor gravida sem praesent id massa id nisl venenatis lacinia aenean sit amet justo morbi ut odio cras mi pede malesuada in imperdiet et commodo vulputate justo in blandit', 843);
insert into products (product_id, animal_id, category_id, image_p, p_name, p_description, caracteristic, specs, price) values (17, 6, 2, 'NecNisiVolutpat.tiff', 'Sauce - Demi Glace', 'nulla suspendisse potenti cras in purus eu magna vulputate luctus cum', 'viverra eget congue eget semper rutrum nulla nunc purus phasellus in felis donec semper sapien a libero nam dui proin leo odio', 'aliquet maecenas leo odio condimentum id luctus nec molestie sed justo pellentesque viverra pede ac diam cras pellentesque volutpat dui maecenas tristique est et tempus semper est quam pharetra magna ac consequat metus sapien ut nunc vestibulum ante ipsum primis in faucibus orci luctus et ultrices posuere cubilia curae mauris viverra diam vitae quam suspendisse potenti nullam porttitor lacus at turpis donec posuere metus vitae ipsum aliquam non mauris morbi non lectus aliquam sit amet diam in magna bibendum imperdiet nullam orci pede venenatis non sodales sed tincidunt eu', 1704);
insert into products (product_id, animal_id, category_id, image_p, p_name, p_description, caracteristic, specs, price) values (18, 2, 3, 'LectusPellentesqueAt.ppt', 'Veal - Tenderloin, Untrimmed', 'ipsum praesent blandit lacinia erat vestibulum sed magna at nunc commodo placerat praesent blandit nam nulla integer pede justo', 'vestibulum sed magna at nunc commodo placerat praesent blandit nam nulla integer pede justo lacinia eget tincidunt eget tempus vel pede morbi porttitor lorem id ligula suspendisse ornare consequat lectus in est risus auctor sed tristique in tempus sit amet sem fusce consequat nulla nisl nunc nisl duis bibendum felis sed interdum venenatis turpis enim blandit mi in porttitor pede justo eu massa donec dapibus duis at velit eu est congue elementum in hac habitasse platea dictumst morbi vestibulum velit id pretium iaculis diam erat', 'tempor convallis nulla neque libero convallis eget eleifend luctus ultricies eu nibh quisque id justo sit amet sapien dignissim vestibulum vestibulum ante ipsum primis in faucibus orci luctus et ultrices posuere cubilia curae nulla dapibus dolor vel est donec odio justo sollicitudin ut suscipit a feugiat et eros vestibulum ac est lacinia nisi venenatis tristique fusce congue diam id ornare imperdiet sapien urna pretium nisl ut volutpat sapien arcu sed augue aliquam erat volutpat in congue etiam justo etiam pretium iaculis justo in hac habitasse platea dictumst etiam faucibus cursus urna ut tellus', 532);
insert into products (product_id, animal_id, category_id, image_p, p_name, p_description, caracteristic, specs, price) values (19, 6, 3, 'NequeDuis.mp3', 'Crush - Orange, 355ml', 'libero nam dui proin leo odio porttitor id consequat in consequat ut nulla sed accumsan felis ut at dolor', 'justo sollicitudin ut suscipit a feugiat et eros vestibulum ac est lacinia nisi venenatis tristique fusce congue diam id ornare imperdiet sapien urna pretium nisl ut volutpat sapien arcu sed augue aliquam erat volutpat in congue etiam justo etiam pretium iaculis justo in hac habitasse platea dictumst etiam', 'consequat dui nec nisi volutpat eleifend donec ut dolor morbi vel lectus in quam fringilla rhoncus mauris enim leo rhoncus sed vestibulum sit amet cursus id turpis integer aliquet massa id lobortis convallis tortor risus dapibus augue vel accumsan tellus nisi eu orci mauris lacinia sapien quis libero nullam sit amet turpis elementum ligula vehicula consequat morbi a ipsum integer a nibh in quis justo maecenas rhoncus aliquam lacus morbi quis tortor id nulla ultrices aliquet maecenas', 1020);
insert into products (product_id, animal_id, category_id, image_p, p_name, p_description, caracteristic, specs, price) values (20, 6, 2, 'Id.mp3', 'Beer - Corona', 'ut blandit non interdum in ante vestibulum ante ipsum primis in faucibus orci luctus et', 'sapien cum sociis natoque penatibus et magnis dis parturient montes nascetur ridiculus mus etiam vel augue vestibulum rutrum rutrum neque aenean auctor gravida sem praesent id massa id nisl venenatis lacinia aenean sit amet justo morbi ut odio cras mi pede malesuada in imperdiet et commodo vulputate justo in blandit ultrices enim lorem ipsum dolor sit amet consectetuer adipiscing elit proin interdum mauris non ligula pellentesque ultrices phasellus id sapien in sapien iaculis congue vivamus metus arcu adipiscing molestie hendrerit at vulputate vitae nisl aenean lectus pellentesque eget nunc donec quis', 'primis in faucibus orci luctus et ultrices posuere cubilia curae nulla dapibus dolor vel est donec odio justo sollicitudin ut suscipit a feugiat et eros vestibulum ac est lacinia nisi venenatis tristique fusce congue diam id ornare imperdiet sapien urna pretium nisl ut volutpat sapien arcu sed augue aliquam erat volutpat in congue etiam justo etiam pretium iaculis justo in hac habitasse platea dictumst etiam faucibus cursus urna ut tellus nulla ut erat id mauris vulputate elementum nullam varius nulla facilisi cras non velit nec nisi vulputate nonummy maecenas tincidunt lacus at velit vivamus vel', 1124);
insert into products (product_id, animal_id, category_id, image_p, p_name, p_description, caracteristic, specs, price) values (21, 4, 2, 'MorbiSem.xls', 'Cookie Trail Mix', 'rutrum rutrum neque aenean auctor gravida sem praesent id massa id', 'elit proin interdum mauris non ligula pellentesque ultrices phasellus id sapien in sapien iaculis congue vivamus metus arcu adipiscing molestie hendrerit at vulputate vitae nisl aenean lectus pellentesque eget nunc donec quis orci eget orci vehicula condimentum curabitur in libero ut massa volutpat convallis morbi odio odio elementum eu interdum eu tincidunt in leo maecenas pulvinar lobortis est phasellus sit', 'dolor vel est donec odio justo sollicitudin ut suscipit a feugiat et eros vestibulum ac est lacinia nisi venenatis tristique fusce congue diam id ornare imperdiet sapien urna pretium nisl ut volutpat sapien arcu sed augue aliquam erat volutpat in congue etiam justo etiam pretium iaculis justo in hac habitasse platea dictumst etiam faucibus cursus urna ut tellus nulla ut erat id mauris vulputate elementum nullam varius nulla facilisi cras non velit nec nisi vulputate nonummy maecenas tincidunt lacus at velit vivamus vel nulla eget eros elementum pellentesque quisque porta', 637);
insert into products (product_id, animal_id, category_id, image_p, p_name, p_description, caracteristic, specs, price) values (22, 4, 1, 'Volutpat.mp3', 'Cheese - Stilton', 'sit amet nunc viverra dapibus nulla suscipit ligula in lacus curabitur at ipsum', 'eu massa donec dapibus duis at velit eu est congue elementum in hac habitasse platea dictumst morbi vestibulum velit id pretium iaculis diam erat fermentum justo nec condimentum neque sapien placerat ante nulla justo aliquam quis turpis eget elit sodales', 'interdum in ante vestibulum ante ipsum primis in faucibus orci luctus et ultrices posuere cubilia curae duis faucibus accumsan odio curabitur convallis duis consequat dui nec nisi volutpat eleifend donec ut dolor', 629);
insert into products (product_id, animal_id, category_id, image_p, p_name, p_description, caracteristic, specs, price) values (23, 2, 3, 'CumSociis.avi', 'Beef - Tongue, Cooked', 'ut massa volutpat convallis morbi odio odio elementum eu interdum eu tincidunt in', 'pulvinar sed nisl nunc rhoncus dui vel sem sed sagittis nam congue risus semper porta volutpat quam pede lobortis ligula sit amet eleifend pede libero quis orci nullam molestie nibh in lectus pellentesque at nulla suspendisse potenti cras in purus eu magna vulputate luctus cum sociis natoque penatibus et magnis dis parturient montes nascetur ridiculus mus vivamus vestibulum sagittis sapien cum sociis natoque penatibus et magnis dis parturient montes nascetur ridiculus mus etiam vel augue vestibulum rutrum rutrum neque aenean', 'nulla dapibus dolor vel est donec odio justo sollicitudin ut suscipit a feugiat', 2409);
insert into products (product_id, animal_id, category_id, image_p, p_name, p_description, caracteristic, specs, price) values (24, 1, 1, 'NecCondimentum.xls', 'Tomatoes - Plum, Canned', 'pulvinar nulla pede ullamcorper augue a suscipit nulla elit ac nulla sed vel enim sit amet nunc viverra dapibus nulla', 'suscipit ligula in lacus curabitur at ipsum ac tellus semper interdum mauris ullamcorper purus sit amet nulla quisque arcu libero rutrum', 'ac consequat metus sapien ut nunc vestibulum ante ipsum primis in faucibus orci luctus et ultrices posuere cubilia curae mauris viverra diam vitae quam suspendisse potenti nullam porttitor lacus at turpis donec posuere metus vitae ipsum aliquam non mauris', 2180);
insert into products (product_id, animal_id, category_id, image_p, p_name, p_description, caracteristic, specs, price) values (25, 1, 2, 'MiInteger.ppt', 'Scrubbie - Scotchbrite Hand Pad', 'nullam sit amet turpis elementum ligula vehicula consequat morbi a ipsum integer a nibh in quis', 'aliquet ultrices erat tortor sollicitudin mi sit amet lobortis sapien sapien non mi integer ac neque duis bibendum morbi non quam nec dui luctus rutrum nulla tellus in sagittis dui vel nisl duis ac nibh fusce lacus purus aliquet at feugiat non pretium quis lectus suspendisse potenti in eleifend quam a odio in hac habitasse platea dictumst maecenas ut massa quis augue luctus tincidunt nulla mollis molestie lorem quisque ut erat curabitur gravida nisi at nibh in hac habitasse platea dictumst aliquam augue quam sollicitudin', 'amet lobortis sapien sapien non mi integer ac neque duis bibendum morbi non quam nec dui luctus rutrum nulla tellus in sagittis dui vel nisl duis ac nibh fusce lacus purus aliquet at feugiat non pretium quis lectus suspendisse potenti in eleifend quam a odio in hac habitasse platea dictumst maecenas ut massa quis augue luctus tincidunt nulla mollis molestie lorem quisque', 1727);
insert into products (product_id, animal_id, category_id, image_p, p_name, p_description, caracteristic, specs, price) values (26, 2, 2, 'MontesNascetur.gif', 'Wine - Charddonnay Errazuriz', 'nunc rhoncus dui vel sem sed sagittis nam congue risus', 'pede ac diam cras pellentesque volutpat dui maecenas tristique est et tempus semper est quam pharetra magna ac consequat metus sapien ut nunc vestibulum ante ipsum primis in faucibus orci luctus et ultrices posuere cubilia curae mauris viverra diam vitae quam suspendisse potenti nullam porttitor lacus at turpis donec posuere metus vitae ipsum aliquam non mauris morbi non lectus aliquam sit amet diam in magna bibendum imperdiet nullam orci pede venenatis non sodales sed tincidunt eu felis fusce posuere felis sed lacus morbi sem mauris laoreet', 'amet erat nulla tempus vivamus in felis eu sapien cursus vestibulum proin eu mi nulla ac enim in tempor turpis nec euismod scelerisque quam turpis adipiscing lorem vitae mattis nibh ligula nec sem duis aliquam convallis nunc proin at turpis a pede posuere nonummy integer non velit donec diam neque vestibulum eget vulputate ut ultrices vel augue vestibulum ante ipsum primis in faucibus orci luctus et ultrices posuere cubilia curae donec pharetra magna vestibulum aliquet ultrices erat tortor sollicitudin mi sit amet lobortis sapien sapien non mi integer ac neque duis', 403);
insert into products (product_id, animal_id, category_id, image_p, p_name, p_description, caracteristic, specs, price) values (27, 1, 2, 'RisusDapibus.mp3', 'Rum - Dark, Bacardi, Black', 'neque libero convallis eget eleifend luctus ultricies eu nibh quisque id justo sit', 'gravida sem praesent id massa id nisl venenatis lacinia aenean sit amet justo morbi ut odio cras mi pede malesuada in imperdiet et commodo vulputate justo in blandit ultrices enim lorem ipsum dolor sit amet', 'sed vestibulum sit amet cursus id turpis integer aliquet massa id lobortis convallis tortor risus dapibus augue vel accumsan tellus nisi eu orci mauris lacinia sapien quis libero nullam sit amet turpis elementum ligula vehicula consequat morbi a ipsum integer a nibh in quis justo maecenas', 1132);
insert into products (product_id, animal_id, category_id, image_p, p_name, p_description, caracteristic, specs, price) values (28, 3, 3, 'ProinEuMi.tiff', 'Longos - Grilled Chicken With', 'purus eu magna vulputate luctus cum sociis natoque penatibus et magnis dis parturient montes nascetur ridiculus mus', 'erat tortor sollicitudin mi sit amet lobortis sapien sapien non mi integer ac neque duis bibendum morbi non quam nec dui luctus rutrum nulla tellus in sagittis dui vel nisl duis ac nibh fusce lacus purus aliquet at feugiat non pretium quis lectus suspendisse potenti in eleifend quam a odio in hac habitasse platea dictumst maecenas ut massa quis augue luctus tincidunt nulla mollis molestie lorem quisque ut erat curabitur gravida nisi at nibh in hac habitasse platea', 'vestibulum aliquet ultrices erat tortor sollicitudin mi sit amet lobortis sapien sapien non', 1518);
insert into products (product_id, animal_id, category_id, image_p, p_name, p_description, caracteristic, specs, price) values (29, 3, 3, 'Orci.pdf', 'Eggroll', 'sem mauris laoreet ut rhoncus aliquet pulvinar sed nisl nunc rhoncus dui vel', 'ligula sit amet eleifend pede libero quis orci nullam molestie nibh in lectus pellentesque at nulla suspendisse potenti cras in purus eu magna vulputate luctus cum sociis natoque penatibus et magnis dis parturient montes nascetur ridiculus mus vivamus vestibulum sagittis sapien cum sociis natoque penatibus et magnis dis parturient montes nascetur ridiculus mus etiam vel augue vestibulum rutrum rutrum neque aenean auctor gravida sem praesent id massa id nisl venenatis lacinia aenean sit amet justo morbi ut odio cras mi pede malesuada in imperdiet et commodo vulputate', 'lacus at turpis donec posuere metus vitae ipsum aliquam non mauris morbi non lectus aliquam sit amet diam in magna bibendum imperdiet nullam orci pede venenatis non sodales sed tincidunt eu felis fusce posuere felis sed lacus morbi sem mauris laoreet ut rhoncus aliquet pulvinar sed nisl nunc rhoncus dui vel sem sed sagittis', 2862);
insert into products (product_id, animal_id, category_id, image_p, p_name, p_description, caracteristic, specs, price) values (30, 3, 2, 'RisusSemper.mp3', 'Bread - White, Sliced', 'a pede posuere nonummy integer non velit donec diam neque', 'etiam vel augue vestibulum rutrum rutrum neque aenean auctor gravida sem praesent id massa id nisl venenatis lacinia aenean sit amet justo morbi ut odio cras mi pede malesuada in imperdiet et commodo vulputate justo in blandit ultrices enim lorem ipsum dolor sit amet consectetuer adipiscing elit proin interdum mauris', 'pellentesque eget nunc donec quis orci eget orci vehicula condimentum curabitur in libero ut massa volutpat convallis morbi odio odio elementum eu interdum eu tincidunt in leo maecenas pulvinar lobortis est phasellus sit amet erat nulla tempus vivamus in felis eu sapien cursus vestibulum proin eu mi nulla ac enim in', 819);

insert into carrito (carrito_id, user_id, total_items, total_amount, carrito_date) values (1, 26, 6, 762, '2021-04-11 22:52:44');
insert into carrito (carrito_id, user_id, total_items, total_amount, carrito_date) values (2, 4, 25, 2392, '2020-12-26 18:43:19');
insert into carrito (carrito_id, user_id, total_items, total_amount, carrito_date) values (3, 20, 19, 2893, '2021-07-03 18:30:22');
insert into carrito (carrito_id, user_id, total_items, total_amount, carrito_date) values (4, 30, 25, 75, '2021-08-25 23:34:36');
insert into carrito (carrito_id, user_id, total_items, total_amount, carrito_date) values (5, 10, 8, 3077, '2020-12-16 02:46:01');
insert into carrito (carrito_id, user_id, total_items, total_amount, carrito_date) values (6, 13, 48, 4052, '2020-12-12 11:05:13');
insert into carrito (carrito_id, user_id, total_items, total_amount, carrito_date) values (7, 2, 27, 4593, '2021-06-30 15:43:14');
insert into carrito (carrito_id, user_id, total_items, total_amount, carrito_date) values (8, 5, 34, 4641, '2021-08-28 13:21:19');
insert into carrito (carrito_id, user_id, total_items, total_amount, carrito_date) values (9, 26, 4, 1393, '2021-07-03 07:31:47');
insert into carrito (carrito_id, user_id, total_items, total_amount, carrito_date) values (10, 10, 35, 4623, '2021-01-20 09:15:39');
insert into carrito (carrito_id, user_id, total_items, total_amount, carrito_date) values (11, 25, 3, 344, '2021-07-07 16:10:41');
insert into carrito (carrito_id, user_id, total_items, total_amount, carrito_date) values (12, 3, 26, 2823, '2021-03-23 09:47:27');
insert into carrito (carrito_id, user_id, total_items, total_amount, carrito_date) values (13, 29, 16, 1102, '2021-10-29 18:57:09');
insert into carrito (carrito_id, user_id, total_items, total_amount, carrito_date) values (14, 13, 20, 3042, '2021-01-06 08:28:12');
insert into carrito (carrito_id, user_id, total_items, total_amount, carrito_date) values (15, 16, 38, 3186, '2021-03-02 00:06:42');
insert into carrito (carrito_id, user_id, total_items, total_amount, carrito_date) values (16, 5, 21, 2441, '2021-11-03 21:24:23');
insert into carrito (carrito_id, user_id, total_items, total_amount, carrito_date) values (17, 14, 19, 2819, '2020-12-13 04:21:16');
insert into carrito (carrito_id, user_id, total_items, total_amount, carrito_date) values (18, 27, 20, 1399, '2020-12-17 19:07:45');
insert into carrito (carrito_id, user_id, total_items, total_amount, carrito_date) values (19, 20, 13, 4419, '2021-08-09 02:48:04');
insert into carrito (carrito_id, user_id, total_items, total_amount, carrito_date) values (20, 4, 23, 3962, '2021-08-04 12:08:19');
insert into carrito (carrito_id, user_id, total_items, total_amount, carrito_date) values (21, 8, 37, 1424, '2020-12-27 12:48:11');
insert into carrito (carrito_id, user_id, total_items, total_amount, carrito_date) values (22, 8, 9, 2155, '2021-04-06 02:38:05');
insert into carrito (carrito_id, user_id, total_items, total_amount, carrito_date) values (23, 28, 49, 3067, '2021-05-04 02:52:30');
insert into carrito (carrito_id, user_id, total_items, total_amount, carrito_date) values (24, 3, 27, 2970, '2021-09-13 20:27:53');
insert into carrito (carrito_id, user_id, total_items, total_amount, carrito_date) values (25, 25, 24, 3190, '2021-06-07 18:26:53');
insert into carrito (carrito_id, user_id, total_items, total_amount, carrito_date) values (26, 19, 22, 128, '2021-05-26 14:23:27');
insert into carrito (carrito_id, user_id, total_items, total_amount, carrito_date) values (27, 25, 22, 349, '2021-05-11 11:08:54');
insert into carrito (carrito_id, user_id, total_items, total_amount, carrito_date) values (28, 18, 9, 2494, '2021-08-11 16:43:43');
insert into carrito (carrito_id, user_id, total_items, total_amount, carrito_date) values (29, 7, 30, 3976, '2021-01-05 07:58:09');
insert into carrito (carrito_id, user_id, total_items, total_amount, carrito_date) values (30, 3, 44, 2134, '2021-03-19 04:08:50');

insert into orderDetail (order_id, carrito_id, product_id, product_quantity) values (1, 23, 30, 12);
insert into orderDetail (order_id, carrito_id, product_id, product_quantity) values (2, 13, 17, 24);
insert into orderDetail (order_id, carrito_id, product_id, product_quantity) values (3, 6, 15, 6);
insert into orderDetail (order_id, carrito_id, product_id, product_quantity) values (4, 13, 21, 9);
insert into orderDetail (order_id, carrito_id, product_id, product_quantity) values (5, 26, 24, 1);
insert into orderDetail (order_id, carrito_id, product_id, product_quantity) values (6, 12, 18, 41);
insert into orderDetail (order_id, carrito_id, product_id, product_quantity) values (7, 22, 5, 43);
insert into orderDetail (order_id, carrito_id, product_id, product_quantity) values (8, 8, 10, 45);
insert into orderDetail (order_id, carrito_id, product_id, product_quantity) values (9, 25, 16, 5);
insert into orderDetail (order_id, carrito_id, product_id, product_quantity) values (10, 13, 2, 50);
insert into orderDetail (order_id, carrito_id, product_id, product_quantity) values (11, 17, 15, 45);
insert into orderDetail (order_id, carrito_id, product_id, product_quantity) values (12, 5, 27, 22);
insert into orderDetail (order_id, carrito_id, product_id, product_quantity) values (13, 1, 4, 35);
insert into orderDetail (order_id, carrito_id, product_id, product_quantity) values (14, 17, 17, 45);
insert into orderDetail (order_id, carrito_id, product_id, product_quantity) values (15, 29, 26, 21);
insert into orderDetail (order_id, carrito_id, product_id, product_quantity) values (16, 10, 24, 1);
insert into orderDetail (order_id, carrito_id, product_id, product_quantity) values (17, 20, 5, 5);
insert into orderDetail (order_id, carrito_id, product_id, product_quantity) values (18, 5, 8, 35);
insert into orderDetail (order_id, carrito_id, product_id, product_quantity) values (19, 5, 15, 41);
insert into orderDetail (order_id, carrito_id, product_id, product_quantity) values (20, 3, 16, 22);
insert into orderDetail (order_id, carrito_id, product_id, product_quantity) values (21, 12, 16, 3);
insert into orderDetail (order_id, carrito_id, product_id, product_quantity) values (22, 1, 23, 16);
insert into orderDetail (order_id, carrito_id, product_id, product_quantity) values (23, 7, 17, 30);
insert into orderDetail (order_id, carrito_id, product_id, product_quantity) values (24, 14, 5, 22);
insert into orderDetail (order_id, carrito_id, product_id, product_quantity) values (25, 25, 21, 41);
insert into orderDetail (order_id, carrito_id, product_id, product_quantity) values (26, 7, 5, 44);
insert into orderDetail (order_id, carrito_id, product_id, product_quantity) values (27, 11, 22, 33);
insert into orderDetail (order_id, carrito_id, product_id, product_quantity) values (28, 5, 10, 29);
insert into orderDetail (order_id, carrito_id, product_id, product_quantity) values (29, 6, 21, 12);
insert into orderDetail (order_id, carrito_id, product_id, product_quantity) values (30, 12, 28, 18);


